titleSpanish,titleEnglish,genre,CEFR,spanish,english
Sistemas políticos del mundo,Political Systems of the World,politics,A1,"En el mundo hay varios sistemas políticos. Algunos países son democracias. En una democracia, las personas votan y eligen a sus representantes. Hay elecciones cada pocos años. Las leyes protegen derechos básicos. Otros países son monarquías. En una monarquía parlamentaria hay rey o reina y también un parlamento elegido. España y Noruega son ejemplos. El rey representa al país y el gobierno toma decisiones. También existen repúblicas. En una república no hay rey. Hay un presidente elegido. Francia e Italia son repúblicas. En algunos países hay un solo partido político. El mismo partido controla el gobierno y no hay otros partidos. Cada sistema busca orden y seguridad. Muchas personas quieren participar, vivir con justicia y paz, y por eso hablan, votan y respetan las leyes.","In the world there are several political systems. Some countries are democracies. In a democracy, people vote and choose their representatives. There are elections every few years. The laws protect basic rights. Other countries are monarchies. In a parliamentary monarchy there is a king or queen and also an elected parliament. Spain and Norway are examples. The king represents the country and the government makes decisions. Republics also exist. In a republic there is no king. There is an elected president. France and Italy are republics. In some countries there is only one political party. The same party controls the government and there are no other parties. Each system seeks order and security. Many people want to participate, live with justice and peace, and so they speak, vote, and respect the laws."
Consejos simples para dormir mejor,Simple Tips for Better Sleep,health,A1,"Dormir bien es importante para la salud. Aquí tienes consejos simples. Puedes ir a la cama y levantarte a la misma hora cada día. Así, tu cuerpo aprende el horario. Antes de dormir, puedes hacer una rutina corta, como leer un libro o escuchar música tranquila. La habitación debe estar oscura, fresca y sin ruido. Cierra las cortinas y apaga el móvil y el ordenador una hora antes de dormir. No tomes café, té fuerte ni bebidas con mucho azúcar por la tarde. Cenar poco ayuda. Bebe agua, pero no mucha antes de acostarte. Haz ejercicio por la mañana o por la tarde. Un paseo de veinte minutos es suficiente. Una ducha caliente por la noche también relaja. Si no puedes dormir, levántate, lee algo tranquilo y vuelve a la cama cuando tengas sueño. Poco a poco dormirás mejor.","Sleeping well is important for your health. Here are some simple tips. Go to bed and wake up at the same time every day. This way, your body learns the schedule. Before going to sleep, you can do a short routine, such as reading a book or listening to calm music. The room should be dark, cool, and quiet. Close the curtains and turn off your cell phone and computer an hour before going to sleep. Don't drink coffee, strong tea, or sugary drinks in the afternoon. Eating a light dinner helps. Drink water, but not too much before bedtime. Exercise in the morning or afternoon. A twenty-minute walk is enough. A warm shower at night is also relaxing. If you can't sleep, get up, read something relaxing, and go back to bed when you feel sleepy. Little by little, you will sleep better."
Típicamente español,Typically Spanish,culture,A1,"En España hay muchas cosas típicas. Por la mañana, mucha gente toma café con leche y una tostada con tomate y aceite de oliva. A mediodía comen tarde, a las dos o a las tres. Les gustan las tapas para compartir: tortilla de patatas, jamón y aceitunas. En verano la paella es popular, sobre todo cerca del mar. A veces las personas duermen la siesta, sobre todo en pueblos pequeños. Las plazas son lugares importantes; la gente pasea y habla con amigos. El fútbol es muy famoso y muchas personas ven los partidos el fin de semana. En las fiestas hay música y baile, como en la Feria o en las Fallas. A la gente le gusta estar con la familia y disfrutar del buen tiempo. Para muchos, esto es “típicamente español”.","In Spain, there are many typical things. In the morning, many people have coffee with milk and toast with tomato and olive oil. At midday they eat late, at two or three o’clock. They like tapas to share, such as potato omelet, ham, and olives. In summer, paella is popular, especially near the sea. Sometimes people take a siesta, especially in small towns. Town squares are important places; people stroll and talk with friends. Soccer is very popular and many people watch the matches on the weekend. At festivals there is music and dancing, like at the Feria or the Fallas. People like to be with family and enjoy the good weather. For many, this is “typically Spanish.”"
La Ciudad de las máquinas,The City of Machines,science fiction,A1,,
Lofoten,Lofoten,travel,A1,,
El Viaje de Chihiro,Spirited Away,fantasy,A1,,
El sistema solar,The Solar System,science,A1,"El Sistema Solar es nuestra casa en el espacio. En el centro está el Sol. El Sol es una estrella. Da luz y calor. Alrededor del Sol giran ocho planetas: Mercurio, Venus, la Tierra, Marte, Júpiter, Saturno, Urano y Neptuno. La Tierra es nuestro planeta. Tiene agua y vida. Mercurio es pequeño y muy caliente. Venus es muy caliente también. Marte es el planeta rojo. Júpiter es el planeta más grande. Saturno tiene anillos. Urano y Neptuno son muy fríos y están muy lejos. La Luna gira alrededor de la Tierra. En el Sistema Solar hay también asteroides y cometas. Cada planeta tiene un día y un año. Un día es el tiempo para girar una vez. Un año es el tiempo para dar una vuelta al Sol.","The Solar System is our home in space. In the center is the Sun. The Sun is a star. It gives light and heat. Eight planets go around the Sun: Mercury, Venus, Earth, Mars, Jupiter, Saturn, Uranus, and Neptune. Earth is our planet. It has water and life. Mercury is small and very hot. Venus is very hot too. Mars is the red planet. Jupiter is the biggest planet. Saturn has rings. Uranus and Neptune are very cold and very far away. The Moon goes around Earth. There are also asteroids and comets in the Solar System. Each planet has a day and a year. A day is the time to turn once. A year is the time to go around the Sun once."
Aspectos peligrosos de las redes sociales,Dangerous Aspects of Social Media,technology,A1,"Hoy uso redes sociales cada día. Son útiles para hablar con amigos y ver noticias. Pero también tienen cosas peligrosas. En redes sociales, algunas personas no dicen la verdad. A veces hay perfiles falsos. Un desconocido puede escribirte y pedir fotos o información. Es mejor no dar tu nombre completo, tu dirección o tu número de teléfono. También pasamos mucho tiempo con el móvil. Después, estamos cansados o tristes. Es bueno hacer pausas y salir a caminar. En internet, las palabras pueden hacer daño. Trata a otros con respeto. Si una persona te molesta, puedes bloquearla. Si ves algo raro, cuenta el problema a un adulto o a una persona de confianza. Usa las redes con cuidado y piensa antes de publicar.","Today, I use social media every day. It's useful for talking to friends and reading the news. But there are also dangerous aspects to it. On social media, some people don't tell the truth. Sometimes there are fake profiles. A stranger might write to you and ask for photos or information. It's best not to give out your full name, address, or phone number. We also spend a lot of time on our phones. Afterwards, we feel tired or sad. It's good to take breaks and go for a walk. On the internet, words can hurt. Treat others with respect. If someone bothers you, you can block them. If you see something strange, tell an adult or someone you trust about the problem. Use social media carefully and think before you post."
Sushi,Sushi,food,A1,"El sushi es un plato japonés. Es pequeño y muy popular en muchos países. La base del sushi es arroz blanco con vinagre. Encima del arroz hay pescado crudo, como salmón o atún. A veces lleva verduras, como pepino o aguacate. El sushi puede tener alga nori por fuera. Se come con salsa de soja. El wasabi es muy picante. El jengibre es dulce y se come entre piezas. Podemos comer sushi con palillos o con las manos. En un restaurante, el camarero trae un plato con muchas piezas diferentes. El sushi es fresco y ligero. A mí me gusta porque es simple y sano.","Sushi is a Japanese dish. It is small and very popular in many countries. The base of sushi is white rice with vinegar. On top of the rice is raw fish, such as salmon or tuna. Sometimes it has vegetables, such as cucumber or avocado. Sushi can have nori seaweed on the outside. It is eaten with soy sauce. Wasabi is very spicy. Ginger is sweet and is eaten between pieces. We can eat sushi with chopsticks or with our hands. In a restaurant, the waiter brings a plate with many different pieces. Sushi is fresh and light. I like it because it is simple and healthy."
La época vikinga,The Viking Age,history,A1,"La época vikinga fue un tiempo antiguo en el norte de Europa. Empezó hace más de mil años. Los vikingos vivían en Noruega, Suecia y Dinamarca. Eran buenos marineros y constructores de barcos largos con vela. Viajaban por el mar para explorar y para buscar nuevas tierras. A veces comerciaban con pieles, madera y metal. A veces atacaban pueblos y robaban. También muchos vikingos eran granjeros. Tenían vacas, ovejas y gallinas. Las casas eran de madera y la familia trabajaba junta. Los vikingos tenían dioses como Odín y Thor. Contaban historias llamadas sagas. Con el tiempo, muchos se hicieron cristianos y empezaron a vivir en ciudades y a hacer más comercio. Hoy recordamos a los vikingos por sus barcos, su arte y sus historias de viaje.","The Viking Age was an ancient period in northern Europe. It began over a thousand years ago. The Vikings lived in Norway, Sweden, and Denmark. They were skilled sailors and builders of long ships with sails. They traveled by sea to explore and search for new lands. Sometimes they traded in furs, wood, and metal. Sometimes they attacked villages and stole. Many Vikings were also farmers. They had cows, sheep, and chickens. Their houses were made of wood, and the family worked together. The Vikings had gods such as Odin and Thor. They told stories called sagas. Over time, many became Christians and began to live in cities and trade more. Today we remember the Vikings for their ships, their art, and their stories of travel."
Visita a un museo,Visiting a Museum,monologue,A1,Hoy visito un museo en el centro de la ciudad. Llego por la mañana y compro la entrada en la taquilla. Dejo mi mochila y empiezo el recorrido. Primero voy a la exposición de arte moderno. Veo cuadros de muchos colores y esculturas grandes. Leo la información y camino despacio. Escucho una audioguía; explica todo de forma clara. Después descanso en la cafetería. Tomo un café y miro el mapa del museo. Por la tarde hay una visita guiada. La guía habla despacio y hace pausas. Yo entiendo bien y hago dos preguntas. Al final compro una postal en la tienda. Salgo del museo contento y quiero volver otro día con mis amigos.,Today I visit a museum in the city center. I arrive in the morning and buy my ticket at the ticket office. I leave my backpack and start the tour. First I go to the modern art exhibition. I see colorful paintings and large sculptures. I read the information and walk slowly. I listen to an audio guide; it explains everything clearly. Then I take a break in the café. I have a coffee and look at the museum map. In the afternoon there is a guided tour. The guide speaks slowly and pauses. I understand well and ask two questions. At the end I buy a postcard in the shop. I leave the museum happy and want to come back another day with my friends.
Cena para dos,A Dinner for Two,dialogue,A2,,
Inteligencia artificial,Artificial Intelligence,technology,A2,"La inteligencia artificial, o IA, es una tecnología que permite a las máquinas aprender de datos y tomar decisiones simples. Hoy usamos IA sin darnos cuenta. Cuando el móvil sugiere una ruta rápida o corrige palabras, hay IA. En casa, las plataformas de vídeo nos recomiendan series según lo que vemos. En el trabajo, la IA ayuda a traducir textos y a organizar correos. También puede analizar imágenes médicas y ayudar a los médicos. La IA tiene ventajas claras. Ahorra tiempo, reduce errores y crea nuevas herramientas. Sin embargo, también hay riesgos. Puede usar nuestros datos sin permiso y repetir ideas injustas. Por eso es importante tener reglas claras y personas responsables. En el futuro cercano, la IA va a ser más común en la educación y en el transporte. Los estudiantes van a recibir ejercicios personalizados. Los coches van a conducir con más ayuda del ordenador. Mi opinión es sencilla: la IA es útil si la usamos con cuidado. La tecnología debe servir a las personas, no al revés.","Artificial intelligence, or AI, is a technology that allows machines to learn from data and make simple decisions. Today, we use AI without even realizing it. When your cell phone suggests a quick route or corrects words, AI is at work. At home, video platforms recommend series based on what we watch. At work, AI helps translate texts and organize emails. It can also analyze medical images and assist doctors. AI has clear advantages. It saves time, reduces errors, and creates new tools. However, there are also risks. It can use our data without permission and repeat unfair ideas. That is why it is important to have clear rules and responsible people. In the near future, AI will become more common in education and transportation. Students will receive personalized exercises. Cars will drive with more computer assistance. My opinion is simple: AI is useful if we use it carefully. Technology should serve people, not the other way around."
Partidos políticos en España,Political Parties in Spain,politics,A2,"España es una monarquía parlamentaria. Los ciudadanos votan en elecciones para elegir a sus representantes. Los partidos presentan ideas y programas. Después, el Congreso de los Diputados elige a un presidente del Gobierno. A veces un partido gana con mayoría. Muchas veces necesitan acuerdos y coaliciones. Hay partidos nacionales y también partidos de comunidades autónomas. Por ejemplo, el PSOE es de centroizquierda. El PP es de centroderecha. Sumar es de izquierda. Vox es de derecha. En algunas regiones existen partidos importantes, como en Cataluña o el País Vasco. Estos partidos hablan de temas locales y nacionales. Los partidos discuten sobre economía, empleo, educación y sanidad. También debaten sobre impuestos y derechos sociales. Durante la campaña, los candidatos visitan ciudades y salen en la televisión. Las personas comparan las propuestas y deciden su voto. Participar es importante. Leer las noticias, escuchar opiniones diferentes y votar ayuda a mejorar la democracia en España.","Spain is a parliamentary monarchy. Citizens vote in elections to choose their representatives. Parties present ideas and programs. Then, the Congress of Deputies elects a president of the government. Sometimes a party wins with a majority. Often, agreements and coalitions are needed. There are national parties and also parties from autonomous communities. For example, the PSOE is center-left. The PP is center-right. Sumar is left-wing. Vox is right-wing. In some regions, there are important parties, such as in Catalonia or the Basque Country. These parties discuss local and national issues. The parties debate the economy, employment, education, and healthcare. They also debate taxes and social rights. During the campaign, candidates visit cities and appear on television. People compare the proposals and decide how to vote. Participating is important. Reading the news, listening to different opinions, and voting helps improve democracy in Spain."
Gofres noruegos,Norwegian Waffles,food,A2,,
Madrid,Madrid,travel,A2,"Madrid es la capital de España y está en el centro del país. Tiene muchos barrios diferentes y más de tres millones de habitantes. En Madrid hay museos famosos, como el Museo del Prado y el Reina Sofía, donde puedes ver el “Guernica” de Picasso. El Parque del Retiro es perfecto para pasear, hacer picnic o alquilar una barca en el lago. La Gran Vía tiene teatros y tiendas. La Puerta del Sol y la Plaza Mayor siempre están llenas de vida. Allí es típico comer un bocadillo de calamares. Por la noche, a la gente le gusta salir de tapas con amigos. Piden una bebida y comparten pequeños platos. El transporte público es muy bueno, con metro, autobuses y trenes, así que moverse es fácil. Madrid tiene mucha historia y también una energía moderna. En verano hace bastante calor, por eso es mejor caminar por la mañana o al atardecer.","Madrid is the capital of Spain and is located in the center of the country. It has many different neighborhoods and more than three million inhabitants. Madrid has famous museums, such as the Prado Museum and the Reina Sofía Museum, where you can see Picasso's “Guernica.” The Retiro Park is perfect for walking, picnicking, or renting a boat on the lake. Gran Vía has theaters and shops. Puerta del Sol and Plaza Mayor are always full of life. It is typical to eat a calamari sandwich there. At night, people like to go out for tapas with friends. They order a drink and share small plates. Public transportation is very good, with subways, buses, and trains, so getting around is easy. Madrid has a lot of history and also a modern energy. In summer it gets quite hot, so it's best to walk in the morning or at sunset."
Desayuno español,Spanish Breakfast,food,A2,"En España, el desayuno es ligero y rápido para muchas personas. Por la mañana, muchas personas toman café con leche y una tostada con tomate, aceite de oliva y un poco de sal. Otras personas prefieren galletas, magdalenas, cereales o yogur. A veces beben zumo de naranja natural. En los bares es muy común pedir una tostada con mantequilla y mermelada, una tostada con jamón, o un bocadillo pequeño de tortilla. Los fines de semana, algunas familias comen churros con chocolate caliente. Mucha gente empieza a trabajar temprano, así que desayuna poco en casa a las siete u ocho. Después, a media mañana, sobre las once, toman un segundo desayuno. Lo llaman “almuerzo”. En ese momento beben otro café, un cortado o un café solo, y comen algo pequeño, por ejemplo una fruta o un poco de tortilla. El desayuno español no es grande, pero es sabroso y sencillo.","In Spain, breakfast is light and quick for many people. In the morning, many people have coffee with milk and toast with tomato, olive oil, and a little salt. Others prefer cookies, muffins, cereal, or yogurt. Sometimes they drink fresh orange juice. In bars, it is very common to order toast with butter and jam, toast with ham, or a small tortilla sandwich. On weekends, some families eat churros with hot chocolate. Many people start work early, so they have a light breakfast at home at seven or eight o'clock. Then, mid-morning, around eleven o'clock, they have a second breakfast. They call it “almuerzo” (brunch). At that time, they drink another coffee, a cortado or a black coffee, and eat something small, such as a piece of fruit or a little tortilla. The Spanish breakfast is not large, but it is tasty and simple."
Coches autónomos,Self-Driving Cars,technology,A2,"Los coches autónomos son vehículos que pueden conducir solos. Tienen cámaras, radares y un ordenador. Con esta tecnología, el coche ve la carretera, los semáforos y a las personas. El sistema decide cuándo frenar, acelerar y girar. Para muchas personas, un coche autónomo es cómodo. Puedes leer, trabajar o descansar durante el viaje. También puede ayudar a gente mayor o con discapacidad. Además, los coches autónomos pueden reducir accidentes, porque no se cansan ni beben alcohol. Sin embargo, todavía hay problemas. A veces la tecnología falla con la lluvia o la nieve. Las calles son diferentes en cada ciudad. También hay preguntas sobre la culpa en un accidente. ¿Quién paga si pasa algo, la persona o la empresa? Hoy estos coches son caros y no están en todas partes. Pero cada año mejoran. En el futuro, mucha gente va a usar coches autónomos, sobre todo en ciudades grandes. Aun así, siempre necesitaremos normas claras y buena educación vial.","Autonomous cars are vehicles that can drive themselves. They have cameras, radars, and a computer. With this technology, the car sees the road, traffic lights, and people. The system decides when to brake, accelerate, and turn. For many people, an autonomous car is convenient. You can read, work, or rest during the trip. It can also help older people or people with disabilities. In addition, autonomous cars can reduce accidents because they don't get tired or drink alcohol. However, there are still problems. Sometimes the technology fails in rain or snow. Streets are different in every city. There are also questions about who is at fault in an accident. Who pays if something happens, the person or the company? Today, these cars are expensive and not available everywhere. But they are improving every year. In the future, many people will use autonomous cars, especially in large cities. Even so, we will always need clear rules and good driver education."
Dieta mediterránea,The Mediterranean Diet,health,A2,"La dieta mediterránea es un estilo de vida, no solo una lista de comidas. Se basa en frutas y verduras frescas, legumbres, cereales integrales, aceite de oliva y pescado, sobre todo pescado azul. La carne roja se come pocas veces al mes y en porciones pequeñas. Los postres suelen ser fruta. Se bebe agua durante el día y, en adultos, a veces vino con moderación en las comidas. También es importante cocinar en casa y compartir la mesa con la familia o los amigos. Un día típico puede ser así: para desayunar, pan integral con tomate y aceite de oliva, y café con leche o té. A media mañana, un yogur natural o una pieza de fruta. Para comer, una ensalada grande, lentejas o arroz con verduras, y pescado a la plancha. De merienda, un puñado de frutos secos. Para cenar, crema de verduras y una tortilla francesa con ensalada. Este modelo ayuda al corazón y al peso, porque los alimentos son naturales y tienen fibra. Además, caminar cada día y dormir bien forma parte de la misma idea de salud.","The Mediterranean diet is a lifestyle, not just a list of foods. It is based on fresh fruits and vegetables, legumes, whole grains, olive oil, and fish, especially oily fish. Red meat is eaten only a few times a month and in small portions. Desserts are usually fruit. Water is drunk throughout the day and, for adults, sometimes wine in moderation with meals. It is also important to cook at home and share meals with family or friends. A typical day might look like this: for breakfast, whole grain bread with tomato and olive oil, and coffee with milk or tea. Mid-morning, a plain yogurt or a piece of fruit. For lunch, a large salad, lentils or rice with vegetables, and grilled fish. For an afternoon snack, a handful of nuts. For dinner, cream of vegetable soup and a French omelet with salad. This model is good for the heart and weight, because the foods are natural and contain fiber. In addition, walking every day and sleeping well are part of the same idea of health."
Los volcanes,Volcanoes,science,A2,"Un volcán es una montaña que tiene un agujero arriba, llamado cráter. Debajo de la tierra hay roca muy caliente, que se llama magma. Cuando el magma sale a la superficie, se llama lava. En una erupción también salen gases y ceniza. La lava está muy caliente y corre lentamente por la ladera del volcán. Los volcanes pueden ser peligrosos. La ceniza puede cubrir casas y campos, y el aire puede ser difícil de respirar. Por eso, cuando hay una erupción, las autoridades dan alertas y a veces las personas deben evacuar sus casas. Es importante seguir las instrucciones de seguridad. Pero los volcanes también traen beneficios. La ceniza hace el suelo muy fértil para la agricultura. Además, los volcanes atraen a muchos turistas. En España hay volcanes en las Islas Canarias, como el Teide. En Italia, el Etna y el Vesubio son muy conocidos. Hoy en día, científicos observan los volcanes con instrumentos para saber si van a entrar en erupción y proteger a la población.","A volcano is a mountain with a hole at the top called a crater. Beneath the earth there is very hot rock called magma. When magma comes to the surface, it is called lava. Gases and ash are also released during an eruption. Lava is very hot and flows slowly down the side of the volcano. Volcanoes can be dangerous. Ash can cover houses and fields, and the air can be difficult to breathe. That is why, when there is an eruption, the authorities issue warnings and sometimes people have to evacuate their homes. It is important to follow safety instructions. But volcanoes also bring benefits. Ash makes the soil very fertile for agriculture. In addition, volcanoes attract many tourists. In Spain, there are volcanoes in the Canary Islands, such as Mount Teide. In Italy, Mount Etna and Mount Vesuvius are well known. Today, scientists observe volcanoes with instruments to determine if they are going to erupt and protect the population."
Revolución industrial,The Industrial Revolution,history,B1,"La Revolución Industrial fue un periodo de grandes cambios que empezó en el siglo XVIII, primero en el Reino Unido y después en otros países de Europa. Antes, la mayoría de la gente vivía en el campo y trabajaba en la agricultura o en pequeños talleres artesanales. Con la llegada de nuevas máquinas, como la máquina de vapor, la producción empezó a hacerse en fábricas. Esto permitió fabricar textiles, hierro y otros productos de forma más rápida y barata. Muchas personas se mudaron a las ciudades para trabajar como obreros. Las jornadas eran largas y los salarios, bajos. Las condiciones laborales eran difíciles y no había normas claras de seguridad. También trabajaban mujeres y niños. Al mismo tiempo, crecieron los barrios obreros, a menudo con problemas de higiene y vivienda. El transporte cambió mucho. El ferrocarril y los barcos de vapor conectaron regiones y países. Por eso, el comercio aumentó y las materias primas, como el carbón, llegaron con más facilidad a las fábricas. La comunicación mejoró y aparecieron nuevas profesiones. La Revolución Industrial tuvo efectos positivos y negativos. Por un lado, aumentó la producción y el nivel de vida de muchas personas a largo plazo. Por otro lado, creó desigualdades y contaminación. Con el tiempo, los movimientos obreros y las leyes laborales empezaron a proteger más a los trabajadores. Esta etapa transformó la economía, la sociedad y la forma de vivir en Europa.","The Industrial Revolution was a period of great change that began in the 18th century, first in the United Kingdom and then in other European countries. Before that, most people lived in the countryside and worked in agriculture or small craft workshops. With the arrival of new machines, such as the steam engine, production began to take place in factories. This made it possible to manufacture textiles, iron, and other products more quickly and cheaply. Many people moved to cities to work as laborers. The working days were long and the wages low. Working conditions were difficult and there were no clear safety standards. Women and children also worked. At the same time, working-class neighborhoods grew, often with problems of hygiene and housing. Transportation changed significantly. Railways and steamships connected regions and countries. As a result, trade increased and raw materials, such as coal, reached factories more easily. Communication improved and new professions emerged. The Industrial Revolution had both positive and negative effects. On the one hand, it increased production and the standard of living for many people in the long term. On the other hand, it created inequalities and pollution. Over time, labor movements and labor laws began to provide greater protection for workers. This period transformed the economy, society, and way of life in Europe."
La energía secreta de las plantas,The Secret Energy of Plants,science,B1,,
Hannah Arendt,Hannah Arendt,biography,B1,"Hannah Arendt fue una pensadora alemana de origen judío. Nació en 1906 y estudió filosofía. Cuando los nazis llegaron al poder, tuvo que huir de Alemania. Vivió en París y después se mudó a Estados Unidos, donde trabajó como profesora y escritora. Su libro más famoso es “Los orígenes del totalitarismo”. En él explica cómo ciertos gobiernos usan el miedo y la propaganda para controlar a la gente y romper la vida pública. También escribió “La condición humana”, donde diferencia entre labor, trabajo y acción, y pregunta cómo queremos vivir juntos en una comunidad. En 1961 asistió al juicio de Adolf Eichmann en Jerusalén como periodista. Allí habló de la “banalidad del mal”. Con esta idea dijo que una persona normal puede participar en crímenes terribles si solo obedece órdenes y deja de pensar por sí misma. Esta opinión causó mucha discusión, pero abrió un debate importante sobre la responsabilidad personal. Hoy se lee a Arendt para entender mejor la política, la libertad y los peligros del autoritarismo. Sus textos invitan a pensar de forma crítica, a conversar con otros y a proteger la pluralidad en la sociedad. Aunque escribió hace décadas, sus preguntas siguen siendo actuales.","Hannah Arendt was a German thinker of Jewish origin. She was born in 1906 and studied philosophy. When the Nazis came to power, she had to flee Germany. She lived in Paris and then moved to the United States, where she worked as a teacher and writer. Her most famous book is “The Origins of Totalitarianism.” In it, she explains how certain governments use fear and propaganda to control people and disrupt public life. She also wrote The Human Condition, in which she distinguishes between labor, work, and action, and asks how we want to live together in a community. In 1961, she attended the trial of Adolf Eichmann in Jerusalem as a journalist. There she spoke of the “banality of evil.” With this idea, she said that a normal person can participate in terrible crimes if they only obey orders and stop thinking for themselves. This opinion caused much discussion, but it opened an important debate about personal responsibility. Today, Arendt is read to better understand politics, freedom, and the dangers of authoritarianism. Her texts invite us to think critically, to engage in conversation with others, and to protect plurality in society. Although she wrote decades ago, her questions remain relevant today."
La batalla por el Trono Helado,The Battle for the Frozen Throne,fantasy,B1,,
La llegada de los Tres Soles,The Arrival of the Three Suns,science fiction,B1,,
Hábitos atómicos,Atomic Habits,psychology,B1,,
Zonas azules,Blue Zones,health,B1,,
Superalimentos,Superfoods,health,B1,"Hoy se habla mucho de los superalimentos. En general, se usa esta palabra para describir productos muy ricos en vitaminas, minerales y otros compuestos que protegen el cuerpo. Por ejemplo, los arándanos, el salmón, el brócoli, el aguacate, la quinoa, las semillas de chía, el té verde y el cacao puro. Se dice que ayudan al corazón, al cerebro y al sistema inmunitario. Estos alimentos tienen cosas útiles. Los arándanos aportan antioxidantes. El salmón contiene grasas saludables como el omega 3. La chía y la quinoa dan fibra y proteína vegetal. El aceite de oliva virgen extra es típico de la dieta mediterránea y cuida el colesterol. Para comerlos a diario, se pueden añadir frutos secos al yogur, poner aguacate en la tostada, preparar una ensalada con legumbres y quinoa, o beber un té verde por la tarde. Sin embargo, ningún alimento por sí solo hace milagros. Comer solo “superalimentos” no cura enfermedades. Lo más importante es una dieta variada y equilibrada, con verduras, fruta de temporada, legumbres, cereales integrales y pescado. Además, muchos productos locales y baratos, como las sardinas, las espinacas o las manzanas, también son muy saludables. En resumen, los superalimentos pueden ser una buena ayuda, pero la clave está en el conjunto de hábitos: buena alimentación, agua, sueño y movimiento diario.","Today, there is a lot of talk about superfoods. In general, this word is used to describe products that are very rich in vitamins, minerals, and other compounds that protect the body. For example, blueberries, salmon, broccoli, avocado, quinoa, chia seeds, green tea, and pure cocoa. They are said to help the heart, brain, and immune system. These foods have useful properties. Blueberries provide antioxidants. Salmon contains healthy fats such as omega-3. Chia and quinoa provide fiber and vegetable protein. Extra virgin olive oil is typical of the Mediterranean diet and helps control cholesterol. To eat them daily, you can add nuts to yogurt, put avocado on toast, prepare a salad with legumes and quinoa, or drink green tea in the afternoon. However, no single food can work miracles. Eating only “superfoods” does not cure diseases. The most important thing is a varied and balanced diet, with vegetables, seasonal fruit, legumes, whole grains, and fish. In addition, many local and inexpensive products, such as sardines, spinach, or apples, are also very healthy. In short, superfoods can be a good help, but the key is in the combination of habits: good nutrition, water, sleep, and daily exercise."
El muro de Berlín,The Berlin Wall,history,B1,,
La psicología de la felicidad,The Psychology of Happiness,psychology,B1,,
El resplandor,The Shining,horror,B1,,
El mago de Oz,The Wizard of Oz,fantasy,B1,,
"Wicked, parte I","Wicked, Part I",fantasy,B1,,
"Wicked, parte II","Wicked, Part II",fantasy,B1,,
El valle inquietante,The Uncanny Valley,psychology,B2,,
La cabaña en la oscuridad,The Cabin in the Dark,horror,B2,,
Atardecer en el fiordo,The Evening by the Fjord,dialogue,B2,,
Natalie Wynn,Natalie Wynn,philosophy,B2,"Natalie Wynn, conocida en Internet como ContraPoints, es una creadora que ha dado forma a un tipo de ensayo audiovisual difícil de encasillar. No se limita a opinar sobre temas polémicos. Construye escenas cuidadas, con vestuario, guion y una iluminación casi teatral, para que el espectador se detenga y piense. Sus vídeos tratan cuestiones como la identidad de género, la radicalización en línea, el cinismo político y la cultura de la cancelación. Mezcla referencias filosóficas con humor y sátira, y alterna momentos de ironía con otros de verdadera vulnerabilidad. Lo más interesante es su método. Por un lado desmonta argumentos utilizando lógica, ejemplos concretos y citas. Por otro crea personajes que representan distintas posturas, de modo que el debate no parezca un sermón, sino una conversación compleja. A veces introduce dudas o contradicciones en su propio discurso para mostrar que pensar bien exige matizar y no quedarse con la consigna fácil. Wynn recibe críticas por el barroquismo de sus vídeos y por su duración. Sin embargo, muchos valoran que devuelva peso a la forma y a la estética en un medio que suele premiar la rapidez. En definitiva, su canal propone un espacio donde la política y la cultura se examinan con paciencia, humor y cuidado visual. Quien busque argumentos trabajados y una puesta en escena poco habitual encontrará en ella una referencia útil.","Natalie Wynn, known online as ContraPoints, is a creator who has shaped a type of audiovisual essay that is difficult to categorize. She does not limit herself to expressing opinions on controversial topics. She constructs carefully crafted scenes, with costumes, scripts, and almost theatrical lighting, to make the viewer pause and think. Her videos address issues such as gender identity, online radicalization, political cynicism, and cancel culture. She mixes philosophical references with humor and satire, alternating moments of irony with others of genuine vulnerability. What is most interesting is her method. On the one hand, she dismantles arguments using logic, concrete examples, and quotes. On the other hand, he creates characters that represent different positions, so that the debate does not seem like a sermon, but rather a complex conversation. Sometimes he introduces doubts or contradictions into his own discourse to show that thinking well requires nuance and not settling for easy slogans. Wynn is criticized for the baroque nature of his videos and their length. However, many appreciate that he restores importance to form and aesthetics in a medium that tends to reward speed. In short, his channel offers a space where politics and culture are examined with patience, humor, and visual care. Anyone looking for well-crafted arguments and an unusual presentation will find it a useful reference."
La búsqueda de la verdad de Sócrates,Socrates' Quest for Truth,philosophy,B2,,
Tokio,Tokyo,travel,B2,,
Agujeros negros,Black Holes,science,B2,,
Feminismo,Feminism,politics,B2,,
Lost in Translation,Lost in Translation,drama,B2,,
Salud mental,Mental Health,health,B2,,
Relaciones entre España y Estados Unidos,Spanish–United States Relations,history,B2,"Las relaciones entre España y Estados Unidos son complejas y dinámicas, con raíces históricas que se remontan a la Edad Moderna y que han pasado por etapas de conflicto y de estrecha cooperación. Tras la ruptura de 1898, los vínculos se reconstruyeron gradualmente y hoy abarcan economía, defensa, cultura y ciencia. Estados Unidos es uno de los principales socios de España fuera de la UE, con flujos de inversión en sectores como energía, finanzas, tecnología y audiovisual. A su vez, empresas españolas han consolidado presencia en el mercado estadounidense, mientras que el turismo y los programas académicos alimentan un intercambio humano constante. En materia de seguridad, ambos países cooperan en el marco de la OTAN y mantienen acuerdos que permiten operar desde Rota y Morón, puntos estratégicos para misiones en el Atlántico y el Mediterráneo. Esta dimensión se complementa con la colaboración en ciberseguridad y lucha contra el terrorismo, ámbitos en los que el intercambio de inteligencia resulta esencial. La cultura actúa como puente decisivo. El peso del español en Estados Unidos favorece proyectos educativos y mediáticos, y promueve una imagen mutua más matizada. Aun así, surgen tensiones periódicas por aranceles, regulación digital, privacidad de datos o posiciones divergentes ante crisis internacionales. El reto es gestionar esas diferencias sin que dañen la cooperación de fondo. De cara al futuro, la transición energética, la inteligencia artificial y la adaptación al cambio climático ofrecen oportunidades claras. Para que la alianza siga siendo útil, es clave que ambos gobiernos mantengan un diálogo transparente y que la sociedad civil participe en definir prioridades compartidas.","Relations between Spain and the United States are complex and dynamic, with historical roots dating back to the Modern Age and which have gone through periods of conflict and close cooperation. After the rupture in 1898, ties were gradually rebuilt and today encompass economics, defense, culture, and science. The United States is one of Spain's main partners outside the EU, with investment flows in sectors such as energy, finance, technology, and audiovisual. In turn, Spanish companies have consolidated their presence in the US market, while tourism and academic programs fuel constant human exchange. In terms of security, both countries cooperate within the framework of NATO and maintain agreements that allow operations from Rota and Morón, strategic points for missions in the Atlantic and the Mediterranean. This dimension is complemented by collaboration in cybersecurity and the fight against terrorism, areas in which intelligence sharing is essential. Culture acts as a decisive bridge. The influence of Spanish in the United States favors educational and media projects and promotes a more nuanced mutual image. Even so, tensions arise periodically over tariffs, digital regulation, data privacy, or divergent positions on international crises. The challenge is to manage these differences without damaging underlying cooperation. Looking ahead, the energy transition, artificial intelligence, and climate change adaptation offer clear opportunities. For the alliance to remain useful, it is essential that both governments maintain transparent dialogue and that civil society participate in defining shared priorities."
La alegoría de la caverna,The Allegory of the Cave,philosophy,B2,,
La Guerra Fría,The Cold War,history,B2,,
La vida de los otros,The Lives of Others,drama,B2,,
Los dioses nórdicos,The Norse Gods,fantasy,B2,,
El efecto placebo,The Placebo Effect,psychology,B2,"El efecto placebo es la mejoría real de un paciente después de recibir una sustancia o un procedimiento sin principio activo. No se trata de que la persona “se lo imagine”, sino de que la expectativa de alivio activa procesos biológicos medibles. Por eso, en los ensayos clínicos se usan placebos para comparar resultados y comprobar si un fármaco funciona más allá de la sugestión. En un estudio doble ciego, ni los participantes ni los investigadores saben quién recibe el medicamento y quién recibe el placebo, lo que reduce sesgos y aumenta la fiabilidad de las conclusiones. Los mecanismos del efecto placebo son diversos. La expectativa positiva puede reducir la percepción del dolor mediante la liberación de endorfinas y la activación de circuitos dopaminérgicos. También influye el condicionamiento: si un tratamiento se asocia repetidamente con mejoría, el cuerpo aprende a responder. Además, el contexto importa. El tono de voz del profesional, la bata blanca, el tamaño y el color de la pastilla o la confianza en el sistema sanitario modulan la respuesta. Lo contrario se llama efecto nocebo, cuando la expectativa negativa empeora los síntomas. En la práctica clínica, el placebo puede aliviar dolor, insomnio o ansiedad, sobre todo cuando los síntomas son subjetivos y fluctuantes. Sin embargo, tiene límites. No cura infecciones ni sustituye tratamientos necesarios, y su uso sin transparencia plantea problemas éticos. Por eso crece el interés por los placebos “abiertos”, en los que el paciente sabe que toma un placebo y aun así mejora. En definitiva, comprender el efecto placebo ayuda a diseñar mejores ensayos y a cuidar mejor la relación entre profesionales y pacientes.","The placebo effect is the actual improvement of a patient after receiving a substance or procedure without an active ingredient. It's not a matter of the person ""imagining it,"" but rather the expectation of relief that activates measurable biological processes. Therefore, in clinical trials, placebos are used to compare results and verify whether a drug works beyond suggestion. In a double-blind study, neither the participants nor the researchers know who is receiving the drug and who is receiving the placebo, which reduces bias and increases the reliability of the conclusions. The mechanisms of the placebo effect are diverse. Positive expectation can reduce the perception of pain by releasing endorphins and activating dopaminergic circuits. Conditioning also plays a role: if a treatment is repeatedly associated with improvement, the body learns to respond. Furthermore, context matters. The tone of voice of the professional, the white coat, the size and color of the pill, or trust in the healthcare system modulate the response. The opposite is called the nocebo effect, when negative expectation worsens symptoms. In clinical practice, placebos can relieve pain, insomnia, or anxiety, especially when symptoms are subjective and fluctuating. However, they have limits. They do not cure infections or replace necessary treatments, and their use without transparency raises ethical issues. This is why there is growing interest in ""open"" placebos, in which the patient knows they are taking a placebo and still improves. Ultimately, understanding the placebo effect helps design better trials and better maintain the relationship between professionals and patients."
El cuervo,The Raven,horror,B2,,
La teoría de Evolución,The Theory of Evolution,science,B2,"La teoría de la evolución explica cómo cambian las especies con el paso del tiempo y por qué la vida presenta tanta diversidad. El principio central es la selección natural, propuesta por Charles Darwin. Según esta idea, los individuos de una población presentan variaciones heredables. Algunas de esas variaciones, en un entorno concreto, ofrecen ventajas para sobrevivir y reproducirse. Quienes las poseen dejan más descendencia, de modo que esos rasgos se vuelven más comunes generación tras generación. Hoy sabemos que las mutaciones del ADN, que ocurren de manera aleatoria, introducen nuevas variantes. Además de la selección natural, existen otros procesos, como la deriva genética o el flujo de genes entre poblaciones, que también influyen en la evolución. La paleontología, la biogeografía y la genética moderna proporcionan pruebas complementarias: el registro fósil muestra cambios acumulados, la distribución de especies revela historias comunes y el estudio del ADN confirma parentescos que a veces no son evidentes a simple vista. Un ejemplo cotidiano es la resistencia a los antibióticos. Las bacterias que, por casualidad, tienen una mutación que las protege, sobreviven al tratamiento y se multiplican. Si el uso del antibiótico continúa, la población entera puede volverse resistente. Este caso ilustra cómo la presión del entorno dirige qué variantes prosperan. Conviene aclarar un malentendido frecuente. La evolución no persigue una meta ni pretende crear seres “más avanzados”. Solo describe cambios en las poblaciones a lo largo del tiempo, guiados por condiciones locales. Comprender este proceso no solo ilumina el pasado de la vida en la Tierra, sino que también ayuda a tomar decisiones informadas en salud, conservación y agricultura.","The theory of evolution explains how species change over time and why life is so diverse. The central principle is natural selection, proposed by Charles Darwin. According to this idea, individuals in a population exhibit heritable variations. Some of these variations, in a specific environment, offer advantages for survival and reproduction. Those who possess these variations leave more offspring, so those traits become more common generation after generation. Today we know that DNA mutations, which occur randomly, introduce new variants. In addition to natural selection, other processes, such as genetic drift or gene flow between populations, also influence evolution. Paleontology, biogeography, and modern genetics provide complementary evidence: the fossil record shows accumulated changes, the distribution of species reveals shared histories, and the study of DNA confirms relatedness that is sometimes not obvious to the naked eye. An everyday example is antibiotic resistance. Bacteria that, by chance, have a protective mutation survive treatment and multiply. If antibiotic use continues, the entire population can become resistant. This case illustrates how environmental pressure directs which variants thrive. It's important to clarify a common misunderstanding. Evolution doesn't pursue a goal or aim to create ""more advanced"" beings. It merely describes changes in populations over time, guided by local conditions. Understanding this process not only sheds light on the history of life on Earth, but also helps inform decisions in health, conservation, and agriculture."
Las Naciones Unidas,The United Nations,politics,B2,"La Organización de las Naciones Unidas, fundada en 1945 tras la Segunda Guerra Mundial, nació con la ambición de evitar nuevos conflictos de esa magnitud y de promover la cooperación internacional. Su sede principal está en Nueva York, y sus órganos más conocidos son la Asamblea General, donde participan todos los Estados miembros, y el Consejo de Seguridad, responsable del mantenimiento de la paz y la seguridad internacionales. Además de la diplomacia, la ONU coordina un sistema amplio de agencias especializadas, como la OMS, UNICEF y ACNUR. Estas entidades trabajan para que se protejan los derechos humanos, se combatan las epidemias y se atienda a refugiados. La Agenda 2030 y sus Objetivos de Desarrollo Sostenible ofrecen un marco común para que los países reduzcan la pobreza, impulsen la educación y enfrenten la crisis climática. Aun así, la organización recibe críticas. Muchos señalan que el derecho de veto de los miembros permanentes del Consejo de Seguridad limita la capacidad de respuesta. Otros sostienen que la burocracia ralentiza proyectos urgentes o que la financiación depende en exceso de unos pocos países. Por eso, se debate con frecuencia cómo reformar sus estructuras para que sean más representativas y eficaces. En conjunto, la ONU no resuelve todos los problemas, pero proporciona un espacio donde negociar, fijar normas y coordinar acciones. En un mundo interdependiente, que los Estados dialoguen y rindan cuentas en un foro común sigue siendo esencial.","The United Nations, founded in 1945 after the Second World War, was born with the ambition of preventing further conflicts of this magnitude and promoting international cooperation. Its headquarters are in New York, and its best-known bodies are the General Assembly, attended by all member states, and the Security Council, responsible for maintaining international peace and security. In addition to diplomacy, the UN coordinates a broad system of specialized agencies, such as the WHO, UNICEF, and UNHCR. These entities work to protect human rights, combat epidemics, and care for refugees. The 2030 Agenda and its Sustainable Development Goals provide a common framework for countries to reduce poverty, boost education, and address the climate crisis. Still, the organization faces criticism. Many point out that the veto power of the permanent members of the Security Council limits its capacity to respond. Others argue that bureaucracy slows down urgent projects or that funding is overly dependent on a few countries. For this reason, there is frequent debate about how to reform its structures to make them more representative and effective. Overall, the UN does not solve all problems, but it provides a space for negotiation, standard-setting, and coordination of actions. In an interdependent world, the dialogue and accountability of states in a common forum remains essential."
Cocina vegetariana,Vegetarian Cooking,food,B2,"La cocina vegetariana ha dejado de ser una rareza y se ha convertido en una opción cotidiana para quienes buscan comer de forma más sostenible y variada. Lejos del tópico de la ensalada aburrida, ofrece técnicas y sabores capaces de convencer incluso a quienes dudan. La clave está en planificar bien y en equilibrar el plato para que incluya proteínas, hidratos de carbono de calidad y grasas saludables. Las legumbres, como los garbanzos y las lentejas, son la base más versátil. Se pueden convertir en cremas especiadas, albóndigas al horno o guisos reconfortantes que, si se cocinan con caldo y hierbas aromáticas, resultan tan sabrosos como cualquier plato de carne. También conviene integrar fuentes proteicas como el tofu, el tempeh o el queso fresco, que absorben muy bien los adobos con pimentón, comino o salsa de soja. Para completar, los cereales integrales aportan energía sostenida y una textura agradable, ya sea en forma de arroz, bulgur o quinoa. Las verduras ganan protagonismo cuando se tratan con respeto. Asarlas concentra el sabor, saltearlas rápidamente mantiene la firmeza y escaldarlas ayuda a conservar el color. Es importante que el cocinero ajuste la sazón y juegue con contrastes, por ejemplo, añadiendo frutos secos tostados para dar crujiente o un chorrito de limón para equilibrar platos cremosos. Si se planifica el menú semanal y se aprovechan las sobras, la cocina vegetariana no solo resulta nutritiva, también práctica y económica.","Vegetarian cuisine is no longer a rarity and has become an everyday option for those seeking to eat in a more sustainable and varied way. Far from the cliché of boring salads, it offers techniques and flavors capable of convincing even those who are skeptical. The key is to plan well and balance the dish to include protein, quality carbohydrates, and healthy fats. Legumes, such as chickpeas and lentils, are the most versatile base. They can be turned into spicy creams, baked meatballs, or comforting stews that, when cooked with broth and aromatic herbs, are as tasty as any meat dish. It's also a good idea to include protein sources such as tofu, tempeh, or fresh cheese, which absorb marinades with paprika, cumin, or soy sauce very well. To top it off, whole grains provide sustained energy and a pleasant texture, whether in the form of rice, bulgur, or quinoa. Vegetables take center stage when treated with respect. Roasting concentrates the flavor, sautéing quickly maintains firmness, and blanching helps preserve color. It is important for the cook to adjust the seasoning and play with contrasts, for example, adding toasted nuts for crunch or a squeeze of lemon to balance creamy dishes. If you plan your weekly menu and make use of leftovers, vegetarian cooking is not only nutritious, but also practical and economical."
Budismo zen,Zen Buddhism,philosophy,B2,"El budismo zen, nacido en China como “chán” y desarrollado después en Japón, propone una vía directa para comprender la realidad tal como es. Su práctica central es el zazen, una meditación sentada que combina postura estable, respiración tranquila y atención plena a lo que surge momento a momento. No busca producir experiencias extraordinarias, sino cultivar claridad y ecuanimidad. Muchos practicantes trabajan con kōans, breves preguntas o historias que rompen los hábitos mentales y señalan algo que no puede explicarse solo con conceptos. A la vez, el zen valora la sencillez en la vida diaria. Cocinar, limpiar o caminar se convierten en oportunidades para practicar una presencia serena. Artes como la caligrafía, la jardinería o la ceremonia del té expresan esta estética de sobriedad y precisión. Aunque no impone dogmas estrictos, el zen tiene una ética clara basada en la compasión, la honestidad y la no violencia. La transmisión de la enseñanza suele pasar de maestro a discípulo, y se sostiene en la disciplina: sentarse cada día, observar la mente y actuar con cuidado en lo cotidiano. En un mundo acelerado y lleno de distracciones, el zen no promete felicidad inmediata. Ofrece algo distinto: una relación más lúcida con el sufrimiento y una libertad interior que crece al dejar de aferrarse a lo que cambia.","Zen Buddhism, originating in China as ""chán"" and later developed in Japan, proposes a direct path to understanding reality as it is. Its central practice is zazen, a seated meditation that combines a stable posture, calm breathing, and mindfulness of what arises moment by moment. It does not seek to produce extraordinary experiences, but rather to cultivate clarity and equanimity. Many practitioners work with kōans, short questions or stories that break mental habits and point to something that cannot be explained with concepts alone. At the same time, Zen values simplicity in daily life. Cooking, cleaning, or walking become opportunities to practice serene presence. Arts such as calligraphy, gardening, and the tea ceremony express this aesthetic of sobriety and precision. Although it does not impose strict dogmas, Zen has a clear ethic based on compassion, honesty, and nonviolence. The transmission of teachings is usually passed from master to disciple and is sustained by discipline: sitting every day, observing the mind, and acting carefully in everyday life. In a fast-paced world full of distractions, Zen doesn't promise immediate happiness. It offers something different: a more lucid relationship with suffering and an inner freedom that grows when we let go of clinging to what changes."
Un enemigo del pueblo,An Enemy of the People,drama,C,,
La ciudad que nunca existió,The City That Never Was,psychology,C,,
Peer Gynt,Peer Gynt,drama,C,,
Sigmund Freud,Sigmund Freud,biography,C,,
La leyenda de Zelda - Ocarina of Time,The Legend of Zelda - Ocarina of Time,art,C,,
El pato salvaje,The Wild Duck,drama,C,,
Existencialismo,Existentialism,philosophy,C,,
Marxismo,Marxism,politics,C,,
Alimentos fermentados,Fermented Foods,food,C,,